<?xml version="1.0" encoding="UTF-8"?>
<project-private xmlns="http://www.netbeans.org/ns/project-private/1">
    <editor-bookmarks xmlns="http://www.netbeans.org/ns/editor-bookmarks/2" lastBookmarkId="0"/>
    <open-files xmlns="http://www.netbeans.org/ns/projectui-open-files/2">
        <group>
            <file>file:/D:/Data/Documenten/0%20Henk/Hhs/Vakken/Software%20Design/IoT%20SA%20&amp;%20M%20(Delft)/Voorbereiding/Practicum/Voorbereiding/IoT%20Practicum%20Opdracht%201%20-%20Gegeven%20New/src/DomainImpLayer/Snelheid.java</file>
            <file>file:/D:/Data/Documenten/0%20Henk/Hhs/Vakken/Software%20Design/IoT%20SA%20&amp;%20M%20(Delft)/Voorbereiding/Practicum/Voorbereiding/IoT%20Practicum%20Opdracht%201%20-%20Gegeven%20New/src/PresentationLayer/Applicatie.java</file>
            <file>file:/D:/Data/Documenten/0%20Henk/Hhs/Vakken/Software%20Design/IoT%20SA%20&amp;%20M%20(Delft)/Voorbereiding/Practicum/Voorbereiding/IoT%20Practicum%20Opdracht%201%20-%20Gegeven%20New/src/DomainImpLayer/Auto.java</file>
        </group>
    </open-files>
</project-private>
